{
    "processes": [
        {
            "type": "Server",
            "process": 2,
            "time": 137.21302199363708,
            "packets_sent": 28206,
            "bytes_sent": 181908943,
            "bytes_received": 28256,
            "retransmissions_sent": 11136
        },
        {
            "type": "Server",
            "process": 2,
            "time": 137.07823705673218,
            "packets_sent": 28109,
            "bytes_sent": 182237029,
            "bytes_received": 28159,
            "retransmissions_sent": 11039
        }
    ]
}